Date,Time,Animal,Count
22/04/2009,19:48,Muskox,7
22/04/2009,8:41,Elk,35
22/04/2009,12:20,Owl,21
22/04/2009,14:30,Wolverine,25
22/04/2009,6:03,Fox,19
23/04/2009,4:00,Elk,2
23/04/2009,3:10,Owl,23
23/04/2009,20:54,Owl,18
23/04/2009,9:38,Grizzly,37
23/04/2009,21:37,Moose,1
23/04/2009,16:16,Wolverine,4
23/04/2009,4:22,Muskox,42
23/04/2009,17:18,Moose,40
23/04/2009,7:35,Ptarmigan,30
24/04/2009,6:36,Fox,1
24/04/2009,12:56,Fox,7
24/04/2009,2:47,Moose,41
25/04/2009,16:43,Grizzly,24
25/04/2009,17:35,Elk,34
26/04/2009,14:23,Wolverine,4
27/04/2009,20:09,Muskox,37
28/04/2009,12:22,Muskox,16
28/04/2009,0:55,Wolverine,10
28/04/2009,23:54,Wolverine,35
29/04/2009,5:39,Elk,1
29/04/2009,6:00,Wolverine,29
30/04/2009,14:26,Ptarmigan,14
01/05/2009,18:07,Fox,27
02/05/2009,18:03,Wolf,19
03/05/2009,10:32,Ptarmigan,37
03/05/2009,8:53,Wolverine,12
03/05/2009,4:50,Wolverine,23
04/05/2009,16:21,Owl,21
04/05/2009,12:22,Fox,18
04/05/2009,21:24,Owl,35
04/05/2009,3:57,Wolverine,22
05/05/2009,19:07,Fox,33
05/05/2009,19:52,Moose,33
06/05/2009,5:49,Owl,38
06/05/2009,7:55,Muskox,20
07/05/2009,19:35,Wolf,36
08/05/2009,13:23,Grizzly,34
09/05/2009,12:12,Ptarmigan,38
10/05/2009,10:21,Ptarmigan,10
11/05/2009,20:56,Moose,42
11/05/2009,3:14,Grizzly,39
11/05/2009,2:15,Wolverine,5
11/05/2009,20:19,Wolverine,31
11/05/2009,18:36,Owl,6
11/05/2009,15:32,Elk,3
11/05/2009,7:00,Wolverine,39
11/05/2009,7:12,Owl,39
11/05/2009,3:39,Wolf,4
11/05/2009,16:44,Owl,28
11/05/2009,1:13,Grizzly,2
11/05/2009,5:11,Ptarmigan,20
11/05/2009,2:53,Wolf,31
11/05/2009,14:37,Grizzly,17
12/05/2009,17:22,Grizzly,31
13/05/2009,21:27,Moose,17
13/05/2009,14:56,Grizzly,35
13/05/2009,7:32,Wolverine,5
14/05/2009,10:49,Grizzly,9
14/05/2009,4:46,Muskox,7
14/05/2009,3:25,Fox,30
15/05/2009,11:36,Fox,25
15/05/2009,7:27,Wolverine,24
15/05/2009,16:56,Fox,15
15/05/2009,23:24,Fox,9
15/05/2009,4:34,Elk,3
16/05/2009,5:12,Fox,6
17/05/2009,7:03,Owl,27
18/05/2009,14:10,Grizzly,29
19/05/2009,17:49,Owl,30
19/05/2009,10:38,Fox,37
19/05/2009,0:43,Fox,32
20/05/2009,15:19,Moose,20
21/05/2009,22:22,Fox,21
22/05/2009,10:59,Wolf,15
22/05/2009,6:58,Ptarmigan,40
22/05/2009,2:54,Wolverine,34
23/05/2009,4:11,Fox,25
23/05/2009,18:40,Moose,32
24/05/2009,13:05,Elk,16
25/05/2009,23:18,Elk,31
25/05/2009,15:33,Owl,3
26/05/2009,22:08,Muskox,26
26/05/2009,2:05,Wolverine,36
26/05/2009,4:13,Wolverine,35
27/05/2009,19:33,Grizzly,16
28/05/2009,7:26,Wolverine,25
28/05/2009,2:23,Ptarmigan,27
29/05/2009,23:32,Ptarmigan,33
30/05/2009,9:41,Wolverine,33
30/05/2009,18:46,Wolverine,39
30/05/2009,7:07,Ptarmigan,34
30/05/2009,22:13,Elk,28
30/05/2009,12:53,Wolverine,14
31/05/2009,2:19,Grizzly,21
31/05/2009,8:44,Wolverine,19
31/05/2009,23:13,Moose,2
01/06/2009,17:51,Wolf,33
01/06/2009,13:48,Fox,11
02/06/2009,4:46,Fox,35
03/06/2009,16:44,Moose,34
03/06/2009,10:10,Grizzly,5
03/06/2009,18:57,Elk,33
04/06/2009,15:46,Muskox,23
04/06/2009,21:34,Ptarmigan,1
04/06/2009,0:26,Wolf,19
04/06/2009,1:46,Muskox,26
04/06/2009,1:03,Ptarmigan,42
05/06/2009,9:40,Owl,21
05/06/2009,0:18,Wolf,4
05/06/2009,23:43,Ptarmigan,22
06/06/2009,2:20,Grizzly,10
06/06/2009,6:34,Moose,32
07/06/2009,5:17,Wolverine,15
08/06/2009,19:53,Fox,40
08/06/2009,13:21,Moose,31
09/06/2009,3:38,Fox,30
10/06/2009,15:57,Fox,29
11/06/2009,14:49,Elk,7
11/06/2009,13:48,Elk,36
12/06/2009,19:22,Wolf,1
13/06/2009,16:42,Ptarmigan,21
13/06/2009,19:13,Muskox,9
13/06/2009,5:23,Fox,11
14/06/2009,11:19,Ptarmigan,10
15/06/2009,7:30,Moose,13
15/06/2009,11:11,Elk,18
16/06/2009,8:12,Muskox,37
17/06/2009,19:18,Fox,10
18/06/2009,18:16,Owl,35
18/06/2009,9:50,Muskox,18
18/06/2009,10:56,Elk,23
18/06/2009,16:25,Moose,30
19/06/2009,12:09,Ptarmigan,12
19/06/2009,9:20,Wolf,2
20/06/2009,11:49,Wolf,29
21/06/2009,6:49,Owl,19
22/06/2009,2:02,Wolverine,7
23/06/2009,0:56,Grizzly,14
24/06/2009,1:03,Wolverine,26
25/06/2009,4:01,Elk,3
26/06/2009,18:17,Ptarmigan,9
27/06/2009,19:32,Elk,30
27/06/2009,6:12,Ptarmigan,29
27/06/2009,6:34,Fox,23
27/06/2009,7:40,Ptarmigan,7
28/06/2009,14:27,Owl,14
28/06/2009,19:28,Elk,32
29/06/2009,22:33,Moose,36
30/06/2009,18:41,Moose,29
30/06/2009,22:23,Grizzly,31
01/07/2009,0:55,Wolverine,35
02/07/2009,14:42,Wolverine,35
03/07/2009,23:35,Fox,9
03/07/2009,7:33,Elk,35
04/07/2009,11:22,Wolverine,23
04/07/2009,6:39,Muskox,1
04/07/2009,21:50,Wolverine,8
04/07/2009,17:34,Elk,20
04/07/2009,3:52,Wolf,37
04/07/2009,10:41,Owl,5
04/07/2009,10:55,Elk,28
04/07/2009,14:09,Grizzly,14
05/07/2009,11:20,Fox,40
06/07/2009,17:31,Muskox,38
06/07/2009,8:06,Muskox,33
06/07/2009,19:22,Owl,17
07/07/2009,17:50,Elk,26
07/07/2009,8:16,Ptarmigan,7
08/07/2009,23:32,Muskox,30
08/07/2009,11:17,Owl,40
08/07/2009,3:55,Owl,33
08/07/2009,17:52,Owl,9
08/07/2009,9:19,Wolf,29
09/07/2009,8:50,Fox,32
09/07/2009,0:39,Elk,29
10/07/2009,20:28,Owl,26
10/07/2009,9:36,Muskox,10
11/07/2009,9:43,Wolverine,14
12/07/2009,7:43,Fox,7
12/07/2009,4:53,Owl,25
12/07/2009,23:26,Moose,14
12/07/2009,6:37,Muskox,11
13/07/2009,8:47,Owl,40
14/07/2009,7:57,Muskox,36
14/07/2009,9:21,Elk,42
14/07/2009,3:23,Muskox,14
15/07/2009,18:00,Elk,35
16/07/2009,23:53,Fox,4
17/07/2009,11:30,Moose,5
17/07/2009,14:02,Muskox,41
17/07/2009,22:27,Fox,37
18/07/2009,1:59,Fox,30
18/07/2009,9:55,Muskox,29
19/07/2009,10:05,Ptarmigan,27
20/07/2009,10:11,Grizzly,30
20/07/2009,1:32,Ptarmigan,20
21/07/2009,6:53,Ptarmigan,33
21/07/2009,17:51,Fox,31
21/07/2009,2:44,Moose,27
21/07/2009,9:18,Muskox,22
22/07/2009,16:09,Muskox,5
22/07/2009,11:50,Ptarmigan,33
22/07/2009,2:10,Fox,32
23/07/2009,16:59,Wolverine,26
24/07/2009,23:46,Fox,8
25/07/2009,22:21,Wolverine,4
25/07/2009,3:25,Moose,4
25/07/2009,15:07,Moose,18
26/07/2009,6:31,Moose,4
26/07/2009,6:13,Elk,11
27/07/2009,2:49,Muskox,29
28/07/2009,16:19,Ptarmigan,11
28/07/2009,18:50,Fox,26
28/07/2009,8:45,Ptarmigan,26
29/07/2009,7:50,Muskox,26
30/07/2009,12:37,Grizzly,20
30/07/2009,5:28,Ptarmigan,38
30/07/2009,21:08,Muskox,25
31/07/2009,16:53,Ptarmigan,23
31/07/2009,22:59,Ptarmigan,12
01/08/2009,22:26,Elk,42
01/08/2009,8:12,Moose,19
02/08/2009,0:52,Wolf,20
02/08/2009,12:43,Owl,12
02/08/2009,5:37,Grizzly,24
02/08/2009,0:14,Owl,30
02/08/2009,6:19,Elk,10
03/08/2009,10:00,Elk,5
03/08/2009,6:50,Grizzly,20
03/08/2009,21:45,Owl,39
03/08/2009,7:56,Ptarmigan,2
04/08/2009,7:33,Elk,12
04/08/2009,7:42,Owl,40
05/08/2009,17:13,Wolverine,13
06/08/2009,13:55,Fox,20
06/08/2009,5:28,Muskox,1
06/08/2009,3:42,Wolverine,30
07/08/2009,20:36,Ptarmigan,39
07/08/2009,21:27,Wolverine,3
08/08/2009,12:08,Wolf,27
08/08/2009,5:26,Muskox,27
08/08/2009,12:03,Ptarmigan,29
08/08/2009,0:04,Grizzly,27
09/08/2009,12:32,Wolf,41
10/08/2009,18:10,Muskox,25
11/08/2009,13:07,Wolverine,16
11/08/2009,5:08,Wolverine,11
11/08/2009,2:17,Fox,21
11/08/2009,14:09,Fox,2
11/08/2009,2:44,Wolverine,28
12/08/2009,4:03,Grizzly,24
13/08/2009,9:36,Wolverine,23
13/08/2009,8:00,Moose,33
13/08/2009,6:53,Fox,41
14/08/2009,13:24,Moose,14
14/08/2009,13:01,Fox,41
14/08/2009,2:15,Fox,31
14/08/2009,21:13,Moose,29
14/08/2009,21:12,Moose,18
14/08/2009,10:56,Owl,37
14/08/2009,11:20,Wolverine,39
15/08/2009,7:44,Ptarmigan,10
15/08/2009,7:47,Moose,42
15/08/2009,0:50,Wolf,1
16/08/2009,6:13,Fox,32
17/08/2009,4:49,Wolf,38
18/08/2009,12:08,Moose,27
18/08/2009,1:34,Owl,41
19/08/2009,14:31,Wolf,17
20/08/2009,19:58,Ptarmigan,12
20/08/2009,17:16,Wolverine,2
20/08/2009,14:35,Elk,19
20/08/2009,2:22,Ptarmigan,16
21/08/2009,22:35,Fox,7
22/08/2009,21:01,Fox,8
23/08/2009,10:42,Muskox,35
24/08/2009,8:45,Fox,31
24/08/2009,8:57,Moose,2
25/08/2009,20:39,Grizzly,16
26/08/2009,4:41,Ptarmigan,27
26/08/2009,13:58,Ptarmigan,31
26/08/2009,20:27,Elk,5
26/08/2009,21:17,Moose,12
26/08/2009,16:49,Owl,32
26/08/2009,7:10,Wolverine,32
27/08/2009,14:38,Wolf,25
27/08/2009,17:33,Owl,24
27/08/2009,11:48,Elk,36
28/08/2009,19:14,Ptarmigan,23
28/08/2009,20:37,Wolverine,40
29/08/2009,9:56,Wolf,8
29/08/2009,1:21,Wolverine,36
29/08/2009,23:52,Owl,29
30/08/2009,10:21,Muskox,2
31/08/2009,18:21,Owl,16
01/09/2009,1:04,Wolf,24
01/09/2009,2:04,Moose,40
01/09/2009,19:16,Ptarmigan,14
01/09/2009,8:21,Muskox,34
02/09/2009,2:23,Muskox,33
02/09/2009,21:33,Muskox,19
02/09/2009,11:12,Muskox,12
02/09/2009,18:31,Owl,5
03/09/2009,23:17,Owl,37
03/09/2009,23:38,Grizzly,35
03/09/2009,21:34,Moose,38
03/09/2009,20:37,Grizzly,16
03/09/2009,19:50,Ptarmigan,1
03/09/2009,6:53,Elk,25
04/09/2009,0:15,Fox,16
05/09/2009,22:40,Owl,19
05/09/2009,12:42,Fox,1
05/09/2009,6:04,Ptarmigan,24
06/09/2009,0:48,Ptarmigan,21
06/09/2009,22:53,Muskox,15
07/09/2009,11:19,Moose,42
08/09/2009,23:16,Owl,27
09/09/2009,1:02,Wolverine,27
10/09/2009,19:50,Grizzly,30
11/09/2009,21:14,Muskox,21
12/09/2009,4:53,Elk,14
12/09/2009,17:42,Wolf,11
12/09/2009,21:32,Muskox,23
13/09/2009,18:12,Wolverine,3
13/09/2009,3:10,Moose,32
14/09/2009,17:23,Moose,34
15/09/2009,16:03,Muskox,36
15/09/2009,7:27,Elk,8
15/09/2009,17:09,Elk,42
16/09/2009,20:10,Wolverine,15
16/09/2009,16:23,Grizzly,27
16/09/2009,23:36,Elk,25
17/09/2009,23:11,Owl,21
18/09/2009,11:19,Owl,6
19/09/2009,21:23,Wolverine,41
20/09/2009,19:42,Fox,21
20/09/2009,9:36,Moose,25
20/09/2009,7:22,Ptarmigan,29
21/09/2009,4:52,Wolf,18
21/09/2009,23:33,Ptarmigan,12
21/09/2009,12:55,Wolf,24
22/09/2009,17:44,Grizzly,10
22/09/2009,16:50,Owl,7
23/09/2009,16:57,Elk,5
24/09/2009,23:46,Muskox,21
25/09/2009,10:47,Grizzly,24
25/09/2009,6:42,Moose,13
25/09/2009,5:51,Ptarmigan,23
26/09/2009,21:40,Owl,19
26/09/2009,12:36,Wolverine,27
27/09/2009,10:45,Fox,5
27/09/2009,21:29,Wolf,3
28/09/2009,21:51,Fox,31
28/09/2009,14:36,Wolverine,3
29/09/2009,16:10,Fox,7
30/09/2009,1:38,Elk,25
30/09/2009,22:10,Ptarmigan,13
01/10/2009,10:11,Elk,18
01/10/2009,20:19,Fox,9
01/10/2009,11:25,Fox,2
01/10/2009,2:57,Fox,41
01/10/2009,6:31,Elk,27
01/10/2009,5:17,Muskox,2
01/10/2009,20:57,Wolf,9
01/10/2009,10:35,Moose,4
01/10/2009,9:45,Elk,42
01/10/2009,3:18,Owl,28
02/10/2009,1:44,Muskox,35
02/10/2009,23:18,Moose,18
03/10/2009,13:33,Ptarmigan,29
04/10/2009,6:10,Muskox,26
05/10/2009,12:22,Ptarmigan,6
06/10/2009,5:19,Elk,26
06/10/2009,10:42,Grizzly,41
07/10/2009,7:49,Muskox,26
08/10/2009,18:58,Fox,21
08/10/2009,12:27,Ptarmigan,27
09/10/2009,5:01,Owl,11
10/10/2009,6:41,Wolverine,24
11/10/2009,20:43,Ptarmigan,13
11/10/2009,0:05,Ptarmigan,37
12/10/2009,23:57,Wolverine,33
13/10/2009,12:54,Muskox,8
13/10/2009,12:25,Ptarmigan,32
14/10/2009,3:36,Muskox,23
15/10/2009,4:55,Grizzly,23
15/10/2009,4:52,Elk,41
16/10/2009,22:56,Elk,37
16/10/2009,18:16,Wolf,17
16/10/2009,2:42,Moose,42
17/10/2009,19:35,Muskox,13
17/10/2009,4:50,Elk,28
17/10/2009,21:34,Elk,31
17/10/2009,22:46,Moose,19
17/10/2009,22:59,Wolf,9
18/10/2009,2:03,Fox,36
18/10/2009,4:45,Ptarmigan,27
19/10/2009,7:37,Fox,10
19/10/2009,13:48,Grizzly,35
20/10/2009,14:35,Wolf,38
21/10/2009,23:32,Moose,27
21/10/2009,17:56,Owl,39
21/10/2009,12:21,Muskox,37
22/10/2009,6:40,Ptarmigan,42
22/10/2009,9:37,Wolverine,3
23/10/2009,0:39,Ptarmigan,32
23/10/2009,11:03,Ptarmigan,16
24/10/2009,2:00,Owl,6
25/10/2009,8:18,Owl,22
26/10/2009,5:11,Fox,23
27/10/2009,8:06,Elk,1
27/10/2009,5:55,Moose,2
28/10/2009,11:57,Moose,1
28/10/2009,3:01,Muskox,38
29/10/2009,18:20,Muskox,32
30/10/2009,14:46,Moose,28
31/10/2009,18:29,Ptarmigan,34
31/10/2009,1:19,Fox,7
01/11/2009,15:29,Moose,30
01/11/2009,18:05,Fox,14
01/11/2009,14:47,Grizzly,6
01/11/2009,9:54,Muskox,31
02/11/2009,2:49,Moose,7
03/11/2009,12:32,Elk,25
03/11/2009,14:44,Owl,21
04/11/2009,0:17,Fox,24
05/11/2009,20:46,Wolverine,25
05/11/2009,13:36,Wolverine,12
05/11/2009,18:58,Fox,4
06/11/2009,18:24,Grizzly,22
06/11/2009,14:06,Muskox,17
06/11/2009,8:00,Wolf,7
07/11/2009,23:33,Wolverine,2
08/11/2009,22:41,Wolf,20
08/11/2009,4:21,Ptarmigan,14
08/11/2009,0:12,Grizzly,31
09/11/2009,2:15,Ptarmigan,31
09/11/2009,10:40,Moose,38
10/11/2009,6:17,Ptarmigan,13
11/11/2009,0:20,Grizzly,21
12/11/2009,0:01,Owl,14
13/11/2009,21:22,Grizzly,9
13/11/2009,11:24,Owl,16
14/11/2009,15:30,Fox,6
14/11/2009,18:38,Ptarmigan,36
14/11/2009,1:05,Wolverine,35
14/11/2009,19:01,Ptarmigan,2
14/11/2009,14:25,Owl,42
15/11/2009,2:36,Wolverine,38
16/11/2009,2:54,Grizzly,7
17/11/2009,19:57,Wolverine,37
17/11/2009,18:24,Grizzly,35
17/11/2009,1:34,Fox,14
18/11/2009,13:49,Wolf,5
19/11/2009,15:11,Ptarmigan,22
20/11/2009,16:05,Muskox,34
21/11/2009,8:16,Fox,8
21/11/2009,7:20,Owl,36
22/11/2009,16:04,Wolverine,31
22/11/2009,2:53,Wolf,5
22/11/2009,10:02,Elk,9
22/11/2009,20:24,Moose,7
23/11/2009,11:20,Fox,31
24/11/2009,17:33,Elk,4
24/11/2009,21:25,Muskox,42
25/11/2009,20:16,Wolf,21
25/11/2009,3:08,Muskox,4
25/11/2009,18:05,Elk,20
25/11/2009,18:16,Owl,11
25/11/2009,18:43,Muskox,10
26/11/2009,7:31,Moose,27
26/11/2009,9:03,Elk,9
27/11/2009,5:53,Fox,2
27/11/2009,1:41,Fox,20
27/11/2009,7:51,Moose,10
28/11/2009,2:30,Owl,36
29/11/2009,0:29,Moose,8
30/11/2009,20:08,Wolverine,12
30/11/2009,18:23,Wolf,41
01/12/2009,16:52,Moose,25
01/12/2009,0:12,Wolverine,31
02/12/2009,13:50,Grizzly,21
02/12/2009,15:07,Fox,6
03/12/2009,13:49,Muskox,39
03/12/2009,14:29,Elk,33
04/12/2009,17:00,Wolverine,38
05/12/2009,14:54,Ptarmigan,6
05/12/2009,8:55,Wolf,29
05/12/2009,10:58,Owl,1
05/12/2009,23:58,Grizzly,14
06/12/2009,20:22,Fox,21
06/12/2009,13:43,Ptarmigan,14
06/12/2009,2:14,Elk,9
07/12/2009,19:51,Grizzly,32
08/12/2009,17:58,Owl,7
08/12/2009,5:30,Fox,4
09/12/2009,8:55,Moose,21
09/12/2009,5:44,Fox,20
09/12/2009,19:41,Moose,33
09/12/2009,22:10,Ptarmigan,17
10/12/2009,22:57,Elk,16
11/12/2009,0:44,Wolverine,16
11/12/2009,3:54,Ptarmigan,30
12/12/2009,15:01,Wolf,25
13/12/2009,11:39,Ptarmigan,27
14/12/2009,13:34,Owl,20
14/12/2009,5:21,Wolverine,33
15/12/2009,22:48,Moose,37
15/12/2009,1:49,Muskox,37
16/12/2009,0:17,Ptarmigan,31
16/12/2009,6:07,Wolverine,20
17/12/2009,12:00,Ptarmigan,30
17/12/2009,0:16,Moose,10
18/12/2009,13:27,Muskox,29
19/12/2009,3:39,Grizzly,31
20/12/2009,1:07,Grizzly,15
21/12/2009,12:32,Moose,5
22/12/2009,20:08,Moose,26
23/12/2009,8:13,Grizzly,7
23/12/2009,6:46,Fox,22
24/12/2009,13:32,Ptarmigan,26
25/12/2009,17:48,Elk,28
26/12/2009,14:07,Fox,31
27/12/2009,23:55,Wolverine,31
27/12/2009,22:28,Elk,9
28/12/2009,20:58,Ptarmigan,22
29/12/2009,13:23,Wolverine,6
30/12/2009,12:45,Grizzly,7
30/12/2009,16:17,Wolf,38
31/12/2009,3:00,Owl,39
01/01/2010,2:57,Moose,11
02/01/2010,14:57,Muskox,21
03/01/2010,19:01,Elk,13
04/01/2010,1:30,Owl,7
04/01/2010,8:02,Wolverine,23
05/01/2010,5:33,Owl,9
06/01/2010,13:02,Elk,14
06/01/2010,0:49,Grizzly,41
07/01/2010,2:41,Muskox,9
08/01/2010,23:29,Fox,14
09/01/2010,10:00,Elk,2
09/01/2010,1:11,Owl,22
09/01/2010,9:44,Grizzly,7
10/01/2010,2:53,Wolverine,32
10/01/2010,1:37,Grizzly,8
10/01/2010,9:13,Owl,31
10/01/2010,0:46,Elk,26
11/01/2010,3:29,Muskox,27
11/01/2010,6:16,Grizzly,18
11/01/2010,12:38,Muskox,21
11/01/2010,17:18,Wolf,17
12/01/2010,17:01,Muskox,22
13/01/2010,15:17,Wolf,14
14/01/2010,22:47,Elk,18
14/01/2010,23:51,Fox,41
15/01/2010,4:31,Wolverine,21
16/01/2010,0:34,Moose,41
16/01/2010,15:19,Elk,26
17/01/2010,20:27,Fox,4
18/01/2010,12:14,Fox,28
19/01/2010,7:12,Fox,14
19/01/2010,6:16,Owl,30
20/01/2010,12:00,Wolf,9
20/01/2010,10:45,Muskox,6
21/01/2010,11:08,Muskox,22
21/01/2010,11:29,Moose,21
22/01/2010,12:19,Muskox,30
22/01/2010,6:04,Wolverine,18
23/01/2010,7:54,Moose,14
24/01/2010,3:20,Ptarmigan,42
24/01/2010,21:42,Owl,34
25/01/2010,15:15,Owl,1
26/01/2010,9:19,Grizzly,4
26/01/2010,4:58,Moose,13
27/01/2010,0:52,Elk,15
27/01/2010,16:00,Wolf,8
27/01/2010,23:57,Wolverine,40
27/01/2010,11:07,Moose,24
27/01/2010,18:09,Wolverine,39
28/01/2010,3:26,Ptarmigan,5
28/01/2010,12:22,Owl,10
29/01/2010,1:31,Elk,14
29/01/2010,10:03,Grizzly,32
30/01/2010,8:40,Ptarmigan,27
31/01/2010,7:24,Moose,38
31/01/2010,20:42,Ptarmigan,8
31/01/2010,13:30,Wolverine,6
01/02/2010,16:11,Wolverine,38
02/02/2010,12:53,Fox,41
03/02/2010,4:09,Ptarmigan,16
03/02/2010,23:42,Moose,3
03/02/2010,13:02,Wolverine,27
03/02/2010,14:42,Ptarmigan,22
03/02/2010,17:57,Owl,31
04/02/2010,11:57,Elk,11
04/02/2010,12:56,Wolverine,40
04/02/2010,12:05,Ptarmigan,20
04/02/2010,7:12,Wolverine,13
04/02/2010,13:40,Elk,9
05/02/2010,21:30,Wolf,10
06/02/2010,5:20,Ptarmigan,30
06/02/2010,12:37,Owl,5
07/02/2010,4:04,Wolf,33
08/02/2010,12:56,Grizzly,20
09/02/2010,5:07,Owl,21
10/02/2010,0:31,Wolf,10
11/02/2010,20:31,Wolf,16
12/02/2010,2:54,Ptarmigan,18
13/02/2010,4:07,Elk,16
13/02/2010,1:39,Moose,37
14/02/2010,0:36,Grizzly,32
14/02/2010,8:33,Fox,2
15/02/2010,23:40,Moose,30
15/02/2010,5:02,Grizzly,1
15/02/2010,10:56,Wolverine,1
16/02/2010,14:59,Elk,7
16/02/2010,3:55,Muskox,31
16/02/2010,0:05,Muskox,20
17/02/2010,15:51,Owl,8
17/02/2010,21:01,Muskox,8
18/02/2010,21:52,Moose,35
19/02/2010,17:09,Grizzly,5
20/02/2010,7:50,Wolf,27
20/02/2010,21:11,Elk,8
21/02/2010,19:10,Grizzly,32
22/02/2010,12:55,Owl,29
23/02/2010,5:00,Owl,19
24/02/2010,10:58,Wolf,14
25/02/2010,15:29,Owl,33
25/02/2010,20:29,Elk,26
26/02/2010,17:47,Wolf,12
27/02/2010,23:03,Ptarmigan,41
27/02/2010,12:14,Ptarmigan,40
28/02/2010,1:05,Wolverine,17
01/03/2010,18:42,Wolf,29
01/03/2010,16:14,Elk,15
01/03/2010,3:45,Ptarmigan,23
01/03/2010,10:40,Elk,2
02/03/2010,14:24,Owl,20
03/03/2010,21:41,Elk,2
04/03/2010,19:57,Wolverine,26
05/03/2010,19:25,Muskox,17
06/03/2010,3:28,Wolf,14
06/03/2010,17:00,Fox,6
06/03/2010,19:16,Owl,2
07/03/2010,16:53,Ptarmigan,41
07/03/2010,18:59,Wolf,29
08/03/2010,9:33,Moose,38
08/03/2010,22:19,Ptarmigan,32
09/03/2010,23:54,Ptarmigan,7
09/03/2010,9:31,Elk,23
10/03/2010,18:33,Moose,10
10/03/2010,7:33,Wolverine,26
11/03/2010,6:22,Wolf,33
11/03/2010,1:28,Wolverine,10
12/03/2010,19:29,Owl,36
12/03/2010,19:44,Wolverine,19
12/03/2010,22:25,Elk,30
12/03/2010,13:06,Owl,37
12/03/2010,23:08,Moose,31
13/03/2010,10:21,Elk,24
13/03/2010,5:45,Muskox,9
13/03/2010,5:44,Muskox,40
13/03/2010,11:10,Fox,5
14/03/2010,19:02,Muskox,6
14/03/2010,20:27,Owl,35
14/03/2010,5:48,Wolverine,37
14/03/2010,14:14,Fox,20
14/03/2010,22:30,Elk,5
15/03/2010,13:12,Muskox,34
15/03/2010,11:02,Fox,2
15/03/2010,23:52,Grizzly,10
16/03/2010,16:10,Elk,14
17/03/2010,4:01,Wolverine,10
17/03/2010,1:55,Wolf,12
17/03/2010,20:53,Wolverine,4
17/03/2010,20:09,Wolf,21
17/03/2010,7:10,Ptarmigan,17
18/03/2010,21:54,Wolf,35
19/03/2010,15:10,Elk,41
20/03/2010,11:12,Wolf,20
20/03/2010,3:34,Grizzly,24
21/03/2010,9:25,Owl,7
22/03/2010,7:13,Elk,21
22/03/2010,18:21,Wolf,24
23/03/2010,7:44,Owl,34
24/03/2010,13:22,Grizzly,24
25/03/2010,13:09,Fox,17
26/03/2010,8:38,Moose,36
26/03/2010,18:42,Wolf,19
27/03/2010,10:50,Ptarmigan,13
28/03/2010,9:27,Elk,28
29/03/2010,16:56,Ptarmigan,14
29/03/2010,3:59,Ptarmigan,23
30/03/2010,2:47,Moose,42
31/03/2010,10:06,Muskox,27
31/03/2010,6:58,Wolverine,9
01/04/2010,12:06,Muskox,33
02/04/2010,22:24,Fox,39
02/04/2010,5:40,Fox,22
03/04/2010,23:11,Wolf,23
03/04/2010,22:27,Wolf,23
04/04/2010,11:33,Fox,31
05/04/2010,6:48,Wolf,27
05/04/2010,10:16,Grizzly,13
05/04/2010,0:46,Owl,17
05/04/2010,7:24,Grizzly,38
06/04/2010,18:22,Fox,36
07/04/2010,5:28,Wolverine,22
08/04/2010,1:30,Moose,23
08/04/2010,9:11,Elk,37
09/04/2010,17:25,Moose,2
09/04/2010,22:17,Elk,26
10/04/2010,13:57,Grizzly,30
10/04/2010,22:20,Elk,39
10/04/2010,2:20,Fox,30
11/04/2010,6:17,Owl,28
11/04/2010,18:47,Grizzly,35
12/04/2010,15:48,Moose,33
13/04/2010,3:37,Wolverine,1
14/04/2010,12:26,Wolf,28
15/04/2010,10:53,Owl,27
15/04/2010,16:50,Moose,12
16/04/2010,1:05,Owl,23
17/04/2010,16:44,Fox,24
18/04/2010,22:41,Grizzly,25
19/04/2010,12:16,Muskox,32
19/04/2010,0:34,Grizzly,1
19/04/2010,8:37,Grizzly,28
19/04/2010,12:15,Grizzly,36
19/04/2010,23:35,Wolverine,29
20/04/2010,1:48,Moose,25
21/04/2010,17:15,Wolf,31
21/04/2010,1:54,Fox,4
21/04/2010,6:45,Owl,9
22/04/2010,19:25,Fox,4
22/04/2010,18:43,Ptarmigan,21
22/04/2010,4:06,Owl,16
23/04/2010,18:20,Elk,21
23/04/2010,13:00,Wolf,14
24/04/2010,23:20,Wolf,33
24/04/2010,19:23,Grizzly,3
24/04/2010,5:22,Muskox,3
25/04/2010,4:09,Owl,8
26/04/2010,22:51,Ptarmigan,15
27/04/2010,14:06,Fox,10
28/04/2010,15:27,Muskox,6
28/04/2010,6:32,Muskox,23
28/04/2010,1:34,Elk,34
29/04/2010,8:50,Ptarmigan,13
29/04/2010,3:11,Wolf,36
29/04/2010,5:31,Owl,34
29/04/2010,0:32,Fox,35
30/04/2010,23:02,Fox,2
30/04/2010,6:28,Grizzly,23
30/04/2010,6:25,Wolverine,6
30/04/2010,21:16,Muskox,9
01/05/2010,23:48,Moose,9
02/05/2010,12:37,Fox,41
02/05/2010,7:12,Wolf,8
02/05/2010,21:16,Grizzly,38
02/05/2010,17:05,Owl,38
02/05/2010,0:19,Grizzly,34
02/05/2010,6:21,Ptarmigan,29
02/05/2010,21:13,Moose,29
02/05/2010,21:04,Moose,41
03/05/2010,3:11,Fox,10
04/05/2010,5:53,Owl,29
04/05/2010,22:40,Wolf,4
05/05/2010,18:55,Owl,21
06/05/2010,21:19,Grizzly,17
06/05/2010,16:53,Grizzly,7
06/05/2010,12:13,Elk,7
07/05/2010,6:12,Owl,20
08/05/2010,23:19,Owl,31
09/05/2010,8:30,Elk,16
09/05/2010,13:50,Grizzly,30
10/05/2010,13:01,Elk,41
10/05/2010,19:58,Wolf,32
11/05/2010,19:05,Muskox,38
11/05/2010,16:28,Grizzly,13
11/05/2010,21:50,Muskox,16
11/05/2010,23:40,Owl,35
12/05/2010,0:33,Ptarmigan,14
12/05/2010,6:07,Grizzly,30
12/05/2010,6:52,Moose,16
12/05/2010,7:35,Moose,38
12/05/2010,22:12,Ptarmigan,15
13/05/2010,8:01,Muskox,6
14/05/2010,1:54,Elk,15
15/05/2010,18:48,Wolverine,11
16/05/2010,4:50,Fox,25
17/05/2010,15:39,Moose,24
18/05/2010,9:39,Elk,21
19/05/2010,10:24,Muskox,23
20/05/2010,20:05,Elk,29
20/05/2010,21:46,Fox,1
21/05/2010,16:55,Wolverine,12
22/05/2010,21:57,Muskox,22
23/05/2010,16:09,Moose,39
23/05/2010,23:48,Wolverine,11
24/05/2010,5:24,Wolverine,29
24/05/2010,17:48,Moose,29
25/05/2010,15:11,Wolverine,11
26/05/2010,7:57,Wolf,29
26/05/2010,0:59,Wolf,4
27/05/2010,13:00,Grizzly,17
27/05/2010,7:05,Grizzly,4
27/05/2010,22:02,Fox,32
27/05/2010,19:30,Fox,15
28/05/2010,17:56,Grizzly,40
29/05/2010,15:41,Elk,39
29/05/2010,1:38,Grizzly,24
29/05/2010,4:20,Elk,42
29/05/2010,14:39,Wolverine,9
29/05/2010,2:45,Muskox,14
29/05/2010,4:01,Owl,24
30/05/2010,18:38,Wolverine,10
31/05/2010,4:04,Grizzly,36
31/05/2010,0:15,Moose,29
31/05/2010,23:37,Fox,15
31/05/2010,22:28,Grizzly,15
31/05/2010,13:08,Ptarmigan,22
01/06/2010,8:04,Wolverine,3
02/06/2010,1:48,Moose,25
03/06/2010,11:13,Wolf,30
04/06/2010,22:44,Wolverine,25
05/06/2010,20:36,Ptarmigan,5
05/06/2010,12:32,Wolf,18
05/06/2010,23:16,Moose,9
05/06/2010,22:38,Owl,30
06/06/2010,12:14,Muskox,9
06/06/2010,17:14,Fox,16
07/06/2010,21:05,Muskox,23
08/06/2010,2:01,Owl,38
09/06/2010,2:48,Wolverine,32
09/06/2010,20:18,Moose,37
09/06/2010,11:26,Ptarmigan,1
10/06/2010,5:41,Ptarmigan,14
10/06/2010,4:01,Moose,5
11/06/2010,15:41,Wolf,13
11/06/2010,17:49,Ptarmigan,25
11/06/2010,0:06,Moose,31
11/06/2010,21:40,Owl,23
12/06/2010,7:42,Muskox,19
12/06/2010,16:42,Elk,33
12/06/2010,14:59,Moose,23
12/06/2010,2:37,Moose,8
12/06/2010,3:31,Grizzly,33
12/06/2010,11:24,Fox,10
13/06/2010,20:50,Fox,10
14/06/2010,4:24,Fox,41
14/06/2010,19:58,Wolf,6
14/06/2010,20:54,Owl,25
14/06/2010,20:28,Moose,9
15/06/2010,2:18,Elk,28
15/06/2010,4:18,Grizzly,13
15/06/2010,17:19,Wolverine,17
16/06/2010,22:55,Muskox,29
16/06/2010,6:22,Fox,26
17/06/2010,14:19,Wolverine,39
17/06/2010,11:27,Grizzly,20
17/06/2010,0:16,Moose,40
18/06/2010,1:37,Moose,14
19/06/2010,7:35,Elk,42
19/06/2010,1:19,Fox,19
19/06/2010,6:31,Owl,23
20/06/2010,22:49,Ptarmigan,37
20/06/2010,4:40,Wolverine,21
20/06/2010,18:30,Wolf,20
21/06/2010,9:50,Owl,33
21/06/2010,16:49,Grizzly,23
21/06/2010,10:32,Wolverine,8
22/06/2010,13:44,Ptarmigan,11
22/06/2010,15:23,Grizzly,5
23/06/2010,0:52,Wolverine,1
24/06/2010,6:08,Fox,6
25/06/2010,20:14,Moose,40
25/06/2010,8:46,Owl,25
26/06/2010,15:42,Fox,22
26/06/2010,11:08,Elk,18
27/06/2010,12:55,Moose,22
28/06/2010,9:51,Owl,27
29/06/2010,5:24,Wolverine,27
29/06/2010,17:18,Wolverine,9
30/06/2010,16:00,Owl,24
01/07/2010,19:52,Muskox,8
02/07/2010,8:05,Moose,34
02/07/2010,7:00,Wolverine,21
02/07/2010,7:06,Wolverine,22
02/07/2010,4:58,Ptarmigan,38
03/07/2010,14:46,Muskox,2
04/07/2010,4:53,Wolverine,42
05/07/2010,18:21,Elk,39
06/07/2010,18:51,Muskox,12
06/07/2010,22:09,Wolverine,31
07/07/2010,2:46,Grizzly,24
07/07/2010,1:07,Elk,12
07/07/2010,20:30,Owl,38
07/07/2010,17:14,Owl,37
08/07/2010,21:24,Wolverine,24
08/07/2010,20:27,Moose,11
09/07/2010,8:18,Elk,31
10/07/2010,15:14,Owl,14
11/07/2010,12:56,Ptarmigan,18
12/07/2010,14:35,Grizzly,19
13/07/2010,19:01,Owl,7
13/07/2010,6:28,Wolf,1
13/07/2010,10:36,Fox,36
13/07/2010,8:15,Moose,8
13/07/2010,8:36,Grizzly,30
14/07/2010,23:21,Ptarmigan,26
14/07/2010,11:01,Grizzly,8
14/07/2010,19:53,Muskox,33
14/07/2010,22:13,Wolverine,16
15/07/2010,7:16,Wolf,10
16/07/2010,12:15,Wolf,14
17/07/2010,15:24,Fox,34
17/07/2010,10:49,Fox,24
18/07/2010,11:33,Fox,24
19/07/2010,7:42,Grizzly,40
20/07/2010,17:10,Owl,29
21/07/2010,11:02,Wolf,10
21/07/2010,9:26,Owl,8
21/07/2010,10:33,Muskox,23
21/07/2010,13:22,Wolverine,40
21/07/2010,1:07,Moose,34
21/07/2010,10:17,Wolf,5
22/07/2010,8:20,Fox,25
22/07/2010,16:59,Wolverine,33
22/07/2010,11:34,Owl,27
23/07/2010,3:17,Moose,2
23/07/2010,1:04,Elk,18
23/07/2010,19:38,Wolf,10
24/07/2010,14:06,Wolf,37
24/07/2010,5:45,Ptarmigan,21
24/07/2010,6:28,Wolverine,40
25/07/2010,14:48,Moose,9
25/07/2010,14:18,Moose,37
26/07/2010,23:07,Elk,16
26/07/2010,23:18,Ptarmigan,7
26/07/2010,11:26,Owl,39
26/07/2010,22:10,Muskox,18
26/07/2010,1:21,Wolverine,2
27/07/2010,22:24,Grizzly,16
28/07/2010,12:10,Ptarmigan,33
29/07/2010,8:57,Grizzly,7
30/07/2010,5:57,Moose,10
31/07/2010,2:06,Wolverine,40
31/07/2010,4:55,Grizzly,16
31/07/2010,20:43,Owl,2
01/08/2010,19:39,Ptarmigan,32
01/08/2010,9:37,Wolverine,6
01/08/2010,15:40,Grizzly,25
02/08/2010,0:43,Elk,34
02/08/2010,16:31,Moose,9
03/08/2010,8:41,Muskox,22
03/08/2010,22:31,Fox,2
03/08/2010,7:15,Moose,37
03/08/2010,2:42,Elk,25
03/08/2010,15:50,Grizzly,8
04/08/2010,6:15,Fox,5
04/08/2010,6:16,Fox,28
04/08/2010,2:38,Ptarmigan,22
04/08/2010,2:07,Elk,1
04/08/2010,18:49,Owl,36
04/08/2010,1:48,Fox,1
04/08/2010,20:44,Wolf,18
04/08/2010,0:40,Owl,13
05/08/2010,17:39,Ptarmigan,36
05/08/2010,8:19,Muskox,33
06/08/2010,4:21,Fox,38
07/08/2010,4:22,Elk,30
07/08/2010,1:25,Owl,35
08/08/2010,20:04,Owl,2
08/08/2010,10:46,Fox,34
09/08/2010,9:25,Grizzly,31
10/08/2010,7:10,Ptarmigan,32
10/08/2010,20:11,Wolverine,9
10/08/2010,10:14,Muskox,28
11/08/2010,4:12,Grizzly,38
11/08/2010,7:36,Owl,19
12/08/2010,14:50,Moose,42
12/08/2010,10:42,Elk,20
12/08/2010,15:40,Fox,25
13/08/2010,14:33,Elk,24
14/08/2010,3:41,Fox,9
14/08/2010,7:45,Muskox,23
15/08/2010,2:53,Grizzly,35
15/08/2010,1:06,Elk,30
16/08/2010,16:17,Elk,19
17/08/2010,12:22,Owl,4
18/08/2010,1:17,Grizzly,14
18/08/2010,0:19,Grizzly,26
18/08/2010,18:33,Muskox,27
19/08/2010,5:57,Wolverine,36
19/08/2010,22:38,Wolverine,11
20/08/2010,18:57,Owl,27
20/08/2010,4:44,Muskox,35
20/08/2010,11:35,Moose,20
20/08/2010,1:44,Muskox,15
20/08/2010,6:52,Ptarmigan,9
20/08/2010,13:59,Ptarmigan,34
21/08/2010,9:55,Muskox,38
21/08/2010,23:03,Wolf,29
21/08/2010,11:55,Elk,5
22/08/2010,9:39,Wolverine,11
23/08/2010,12:26,Moose,11
24/08/2010,3:48,Elk,23
25/08/2010,19:44,Elk,3
25/08/2010,14:58,Wolverine,32
26/08/2010,6:15,Wolverine,15
26/08/2010,7:45,Grizzly,41
26/08/2010,11:25,Ptarmigan,37
27/08/2010,14:16,Moose,35
28/08/2010,9:08,Elk,41
29/08/2010,17:07,Ptarmigan,5
29/08/2010,22:33,Elk,24
29/08/2010,8:53,Muskox,13
29/08/2010,13:39,Ptarmigan,34
29/08/2010,7:46,Wolverine,14
29/08/2010,11:06,Wolf,42
30/08/2010,13:27,Wolverine,26
31/08/2010,15:54,Muskox,15
01/09/2010,5:51,Wolverine,5
01/09/2010,23:01,Muskox,10
02/09/2010,6:30,Fox,2
03/09/2010,18:58,Grizzly,1
04/09/2010,7:19,Grizzly,33
05/09/2010,1:43,Owl,5
05/09/2010,18:16,Wolverine,39
05/09/2010,3:21,Moose,31
05/09/2010,22:26,Owl,38
06/09/2010,9:28,Grizzly,9
06/09/2010,10:51,Wolverine,9
07/09/2010,20:38,Moose,21
07/09/2010,0:01,Muskox,26
07/09/2010,10:38,Wolverine,29
08/09/2010,16:56,Ptarmigan,35
09/09/2010,4:09,Fox,22
09/09/2010,23:16,Grizzly,14
10/09/2010,4:56,Wolverine,25
11/09/2010,3:29,Ptarmigan,13
12/09/2010,10:20,Grizzly,18
12/09/2010,0:44,Muskox,12
13/09/2010,1:55,Fox,17
14/09/2010,15:29,Owl,32
15/09/2010,2:28,Wolverine,13
15/09/2010,12:06,Grizzly,12
15/09/2010,22:10,Owl,34
15/09/2010,7:18,Wolverine,17
15/09/2010,8:59,Wolverine,5
16/09/2010,4:44,Wolf,15
17/09/2010,0:48,Elk,2
17/09/2010,17:50,Owl,13
17/09/2010,14:37,Wolverine,30
17/09/2010,4:31,Elk,11
17/09/2010,17:19,Muskox,1
17/09/2010,8:58,Fox,28
17/09/2010,10:28,Ptarmigan,40
17/09/2010,17:48,Owl,4
17/09/2010,22:39,Fox,15
18/09/2010,6:17,Elk,19
19/09/2010,8:46,Wolf,25
19/09/2010,20:22,Wolverine,16
20/09/2010,15:23,Fox,8
21/09/2010,23:50,Grizzly,15
22/09/2010,7:46,Ptarmigan,29
22/09/2010,7:58,Muskox,27
22/09/2010,8:36,Wolverine,14
22/09/2010,8:07,Grizzly,26
22/09/2010,18:19,Owl,11
23/09/2010,9:02,Ptarmigan,24
23/09/2010,4:32,Fox,14
24/09/2010,14:20,Ptarmigan,2
25/09/2010,15:13,Moose,13
25/09/2010,12:14,Muskox,41
26/09/2010,3:03,Wolverine,31
27/09/2010,17:20,Elk,6
28/09/2010,6:32,Owl,18
29/09/2010,14:32,Fox,8
30/09/2010,17:50,Grizzly,11
30/09/2010,7:41,Wolverine,26
30/09/2010,9:18,Moose,32
01/10/2010,22:30,Owl,42
02/10/2010,14:55,Grizzly,15
03/10/2010,15:28,Fox,11
03/10/2010,19:02,Moose,26
04/10/2010,18:51,Grizzly,22
04/10/2010,12:23,Moose,22
05/10/2010,16:50,Elk,27
05/10/2010,14:30,Ptarmigan,34
05/10/2010,23:17,Owl,4
06/10/2010,11:39,Owl,29
07/10/2010,23:37,Owl,14
08/10/2010,14:03,Ptarmigan,17
08/10/2010,10:44,Grizzly,32
08/10/2010,15:08,Wolf,2
08/10/2010,21:57,Moose,38
08/10/2010,15:48,Owl,24
09/10/2010,3:04,Fox,15
09/10/2010,3:29,Wolf,27
09/10/2010,4:24,Wolverine,12
10/10/2010,6:14,Fox,31
10/10/2010,13:17,Wolverine,33
11/10/2010,23:41,Ptarmigan,21
12/10/2010,3:34,Elk,20
13/10/2010,1:10,Moose,13
14/10/2010,23:54,Owl,33
14/10/2010,3:22,Muskox,30
14/10/2010,17:13,Moose,33
14/10/2010,16:33,Grizzly,12
14/10/2010,17:26,Owl,10
14/10/2010,5:01,Fox,23
15/10/2010,23:31,Grizzly,39
16/10/2010,5:47,Grizzly,9
17/10/2010,0:09,Elk,22
17/10/2010,2:54,Wolf,29
17/10/2010,2:09,Owl,25
18/10/2010,12:51,Wolverine,9
19/10/2010,7:29,Muskox,27
19/10/2010,13:36,Ptarmigan,42
20/10/2010,0:19,Elk,22
21/10/2010,3:43,Elk,33
21/10/2010,17:21,Elk,27
21/10/2010,18:30,Moose,9
21/10/2010,15:35,Fox,8
21/10/2010,9:28,Wolverine,16
22/10/2010,6:47,Fox,14
22/10/2010,14:18,Wolf,9
23/10/2010,0:55,Grizzly,25
23/10/2010,21:41,Wolf,1
23/10/2010,18:48,Owl,30
24/10/2010,22:00,Elk,6
24/10/2010,13:22,Grizzly,35
24/10/2010,9:30,Elk,13
25/10/2010,22:08,Grizzly,35
25/10/2010,14:35,Owl,32
26/10/2010,20:45,Moose,21
27/10/2010,21:02,Fox,25
28/10/2010,7:51,Fox,18
28/10/2010,7:53,Wolverine,16
28/10/2010,15:18,Wolf,16
29/10/2010,20:49,Fox,9
29/10/2010,0:03,Owl,20
30/10/2010,5:33,Wolf,36
30/10/2010,13:00,Wolf,42
31/10/2010,20:08,Moose,42
01/11/2010,16:22,Fox,4
01/11/2010,11:58,Elk,17
02/11/2010,4:51,Wolverine,28
03/11/2010,11:57,Owl,37
03/11/2010,15:00,Grizzly,36
03/11/2010,20:17,Grizzly,12
03/11/2010,4:22,Moose,28
03/11/2010,4:56,Fox,19
03/11/2010,19:27,Grizzly,21
04/11/2010,9:47,Muskox,11
04/11/2010,9:45,Elk,34
05/11/2010,5:06,Muskox,36
05/11/2010,3:06,Elk,40
06/11/2010,14:09,Wolverine,12
06/11/2010,10:58,Wolf,18
06/11/2010,20:57,Owl,31
07/11/2010,22:02,Grizzly,26
07/11/2010,7:45,Owl,16
07/11/2010,3:48,Ptarmigan,19
07/11/2010,6:13,Elk,26
08/11/2010,4:04,Muskox,19
08/11/2010,13:34,Owl,13
08/11/2010,7:06,Moose,24
09/11/2010,12:34,Wolf,42
10/11/2010,9:05,Wolverine,22
11/11/2010,2:26,Elk,15
11/11/2010,19:26,Moose,4
11/11/2010,4:26,Ptarmigan,22
11/11/2010,21:00,Elk,42
11/11/2010,17:08,Fox,8
11/11/2010,13:21,Fox,25
11/11/2010,16:43,Grizzly,11
11/11/2010,0:24,Wolf,9
11/11/2010,8:03,Fox,32
11/11/2010,11:34,Elk,1
11/11/2010,5:07,Moose,16
11/11/2010,19:26,Wolf,37
11/11/2010,23:38,Muskox,4
11/11/2010,21:47,Elk,31
12/11/2010,9:30,Fox,29
13/11/2010,13:33,Wolverine,18
13/11/2010,21:25,Muskox,9
13/11/2010,4:49,Muskox,15
14/11/2010,7:56,Wolverine,12
14/11/2010,6:20,Muskox,16
14/11/2010,2:04,Moose,42
15/11/2010,9:46,Wolf,33
15/11/2010,20:20,Wolf,11
16/11/2010,23:13,Fox,35
17/11/2010,20:42,Wolverine,26
18/11/2010,0:50,Fox,26
19/11/2010,12:36,Wolf,19
19/11/2010,15:44,Elk,18
19/11/2010,19:22,Ptarmigan,4
20/11/2010,1:05,Ptarmigan,4
20/11/2010,5:22,Wolf,27
21/11/2010,3:14,Wolf,23
21/11/2010,6:57,Wolverine,19
21/11/2010,11:20,Ptarmigan,8
21/11/2010,20:38,Moose,22
21/11/2010,23:00,Moose,28
22/11/2010,15:49,Ptarmigan,24
22/11/2010,1:44,Muskox,25
22/11/2010,5:42,Moose,21
23/11/2010,13:14,Elk,5
23/11/2010,4:58,Owl,37
24/11/2010,16:48,Ptarmigan,40
25/11/2010,16:15,Wolverine,12
26/11/2010,14:31,Moose,16
27/11/2010,22:39,Moose,7
28/11/2010,1:28,Wolverine,20
29/11/2010,15:46,Grizzly,24
30/11/2010,7:18,Wolf,34
30/11/2010,8:46,Owl,4
01/12/2010,13:43,Wolf,12
02/12/2010,11:26,Grizzly,11
02/12/2010,3:45,Wolverine,37
03/12/2010,21:29,Muskox,10
04/12/2010,21:20,Wolverine,20
05/12/2010,23:58,Muskox,18
06/12/2010,23:14,Fox,18
06/12/2010,0:46,Ptarmigan,12
06/12/2010,6:42,Grizzly,37
06/12/2010,20:31,Grizzly,14
06/12/2010,17:54,Wolverine,5
06/12/2010,3:08,Elk,10
07/12/2010,20:15,Owl,36
07/12/2010,23:36,Grizzly,38
07/12/2010,4:14,Moose,11
07/12/2010,15:00,Fox,14
08/12/2010,23:37,Fox,30
08/12/2010,18:13,Fox,39
09/12/2010,5:26,Ptarmigan,42
10/12/2010,20:48,Wolverine,8
10/12/2010,22:21,Owl,4
10/12/2010,4:46,Owl,26
11/12/2010,18:06,Ptarmigan,5
12/12/2010,16:06,Moose,37
12/12/2010,1:17,Fox,20
13/12/2010,5:33,Muskox,33
14/12/2010,16:15,Fox,7
15/12/2010,4:36,Moose,4
15/12/2010,20:57,Moose,8
16/12/2010,18:28,Muskox,39
16/12/2010,10:44,Fox,26
16/12/2010,21:44,Elk,16
17/12/2010,13:23,Ptarmigan,26
17/12/2010,17:36,Muskox,37
18/12/2010,14:20,Ptarmigan,28
19/12/2010,6:34,Ptarmigan,30
19/12/2010,0:03,Wolverine,40
19/12/2010,10:56,Fox,30
19/12/2010,1:55,Fox,12
20/12/2010,21:51,Wolf,42
20/12/2010,12:23,Moose,6
20/12/2010,18:03,Wolf,15
20/12/2010,23:56,Wolverine,24
20/12/2010,23:22,Grizzly,28
20/12/2010,0:56,Moose,40
20/12/2010,5:42,Ptarmigan,1
20/12/2010,5:18,Muskox,3
21/12/2010,6:08,Owl,37
22/12/2010,8:59,Fox,7
22/12/2010,5:54,Fox,15
23/12/2010,1:37,Owl,10
23/12/2010,14:25,Fox,31
23/12/2010,15:20,Fox,4
23/12/2010,0:37,Moose,8
23/12/2010,15:56,Ptarmigan,25
23/12/2010,8:33,Wolverine,29
24/12/2010,21:58,Muskox,38
25/12/2010,11:06,Wolverine,32
25/12/2010,1:59,Owl,28
25/12/2010,15:55,Fox,32
25/12/2010,11:06,Muskox,39
25/12/2010,3:15,Wolf,18
25/12/2010,14:02,Wolverine,20
26/12/2010,2:57,Wolf,38
27/12/2010,1:10,Owl,25
27/12/2010,14:09,Owl,36
27/12/2010,1:24,Fox,6
28/12/2010,17:11,Ptarmigan,3
29/12/2010,4:51,Moose,6
30/12/2010,19:28,Fox,22
31/12/2010,7:38,Wolf,5
01/01/2011,18:39,Fox,15
02/01/2011,0:49,Wolverine,25
02/01/2011,16:54,Wolf,20
02/01/2011,2:04,Grizzly,9
03/01/2011,10:01,Muskox,3
03/01/2011,18:06,Muskox,11
03/01/2011,2:01,Ptarmigan,26
03/01/2011,13:19,Fox,16
03/01/2011,19:58,Fox,1
03/01/2011,7:51,Elk,23
04/01/2011,18:55,Elk,13
04/01/2011,5:21,Moose,28
04/01/2011,5:02,Wolverine,20
05/01/2011,6:01,Moose,20
06/01/2011,12:14,Wolf,2
06/01/2011,13:02,Grizzly,12
07/01/2011,16:40,Muskox,35
08/01/2011,20:31,Moose,17
08/01/2011,3:36,Ptarmigan,24
09/01/2011,20:45,Ptarmigan,42
09/01/2011,16:17,Fox,40
10/01/2011,8:47,Owl,10
11/01/2011,11:00,Owl,39
12/01/2011,0:03,Wolf,13
13/01/2011,11:07,Moose,21
13/01/2011,6:50,Elk,42
13/01/2011,17:41,Wolf,5
14/01/2011,23:19,Ptarmigan,20
15/01/2011,12:51,Ptarmigan,9
15/01/2011,5:28,Moose,18
16/01/2011,22:37,Muskox,16
17/01/2011,17:13,Elk,8
18/01/2011,19:00,Grizzly,10
19/01/2011,1:29,Fox,3
19/01/2011,2:16,Wolf,36
20/01/2011,23:06,Grizzly,36
20/01/2011,12:54,Fox,27
20/01/2011,0:04,Elk,30
20/01/2011,4:23,Wolverine,10
21/01/2011,20:25,Ptarmigan,26
21/01/2011,2:39,Fox,14
21/01/2011,1:28,Muskox,35
22/01/2011,2:23,Wolverine,2
22/01/2011,6:36,Elk,32
22/01/2011,11:06,Muskox,16
22/01/2011,18:31,Moose,9
22/01/2011,21:09,Owl,23
22/01/2011,18:27,Ptarmigan,25
22/01/2011,3:11,Wolf,17
22/01/2011,5:42,Muskox,40
22/01/2011,15:05,Ptarmigan,9
23/01/2011,2:33,Owl,5
24/01/2011,13:39,Wolverine,24
25/01/2011,0:29,Wolf,40
25/01/2011,18:35,Moose,19
25/01/2011,5:39,Elk,23
25/01/2011,6:55,Fox,26
25/01/2011,4:35,Ptarmigan,41
25/01/2011,11:28,Muskox,9
26/01/2011,17:34,Muskox,35
27/01/2011,9:49,Moose,23
27/01/2011,19:32,Wolverine,21
27/01/2011,2:13,Wolverine,41
28/01/2011,8:51,Muskox,34
29/01/2011,21:29,Grizzly,16
29/01/2011,16:49,Wolf,38
30/01/2011,1:11,Grizzly,24
30/01/2011,7:32,Grizzly,41
30/01/2011,12:57,Fox,7
30/01/2011,10:32,Wolf,37
30/01/2011,13:32,Wolf,30
30/01/2011,16:02,Wolverine,29
31/01/2011,23:46,Elk,36
01/02/2011,6:17,Elk,3
01/02/2011,10:37,Fox,26
01/02/2011,22:09,Ptarmigan,37
02/02/2011,9:03,Wolverine,22
03/02/2011,19:59,Fox,7
03/02/2011,23:40,Wolverine,39
04/02/2011,7:20,Grizzly,30
05/02/2011,18:43,Moose,32
06/02/2011,23:47,Ptarmigan,11
06/02/2011,7:46,Grizzly,11
06/02/2011,9:56,Fox,35
07/02/2011,3:18,Ptarmigan,39
07/02/2011,12:59,Fox,21
08/02/2011,22:38,Wolverine,30
09/02/2011,17:27,Wolf,1
09/02/2011,5:59,Wolverine,12
10/02/2011,5:08,Ptarmigan,25
11/02/2011,1:47,Grizzly,39
12/02/2011,0:00,Elk,18
12/02/2011,16:25,Grizzly,6
13/02/2011,9:11,Ptarmigan,42
14/02/2011,20:59,Ptarmigan,8
15/02/2011,17:37,Muskox,12
15/02/2011,21:43,Moose,18
15/02/2011,13:13,Wolverine,42
15/02/2011,0:48,Muskox,40
15/02/2011,19:45,Ptarmigan,18
16/02/2011,8:44,Ptarmigan,24
17/02/2011,23:30,Ptarmigan,10
18/02/2011,14:46,Grizzly,28
18/02/2011,1:05,Grizzly,29
18/02/2011,20:29,Elk,30
19/02/2011,2:01,Wolverine,30
19/02/2011,8:30,Owl,33
19/02/2011,3:31,Muskox,12
19/02/2011,4:05,Muskox,32
19/02/2011,0:01,Muskox,10
19/02/2011,3:56,Ptarmigan,8
19/02/2011,3:36,Wolf,21
19/02/2011,18:20,Wolverine,2
20/02/2011,21:45,Ptarmigan,13
21/02/2011,5:48,Elk,12
22/02/2011,1:36,Wolverine,23
23/02/2011,16:48,Elk,16
23/02/2011,7:52,Wolverine,22
23/02/2011,11:56,Owl,40
24/02/2011,10:46,Moose,23
24/02/2011,8:25,Wolverine,23
25/02/2011,8:06,Ptarmigan,21
26/02/2011,23:42,Wolf,10
26/02/2011,19:20,Muskox,3
26/02/2011,2:51,Wolverine,18
27/02/2011,13:39,Ptarmigan,31
28/02/2011,7:52,Moose,18
01/03/2011,14:43,Ptarmigan,15
01/03/2011,15:00,Wolf,42
02/03/2011,16:50,Owl,4
03/03/2011,4:48,Grizzly,18
04/03/2011,23:59,Moose,7
05/03/2011,7:13,Moose,7
05/03/2011,9:00,Elk,37
06/03/2011,19:16,Wolverine,6
06/03/2011,8:24,Wolverine,23
07/03/2011,22:31,Owl,10
08/03/2011,15:26,Moose,32
09/03/2011,2:20,Ptarmigan,26
09/03/2011,12:06,Ptarmigan,19
10/03/2011,8:33,Elk,3
10/03/2011,4:00,Wolf,8
11/03/2011,6:18,Wolf,2
12/03/2011,14:02,Wolf,22
12/03/2011,19:24,Fox,11
13/03/2011,1:26,Grizzly,26
14/03/2011,3:25,Moose,26
14/03/2011,0:24,Muskox,30
15/03/2011,11:07,Ptarmigan,13
15/03/2011,19:57,Wolf,39
15/03/2011,15:50,Moose,31
15/03/2011,18:43,Moose,41
15/03/2011,23:24,Wolf,10
15/03/2011,23:59,Grizzly,38
16/03/2011,6:18,Elk,9
16/03/2011,21:09,Wolverine,6
16/03/2011,22:00,Wolverine,27
17/03/2011,20:45,Muskox,34
17/03/2011,23:46,Fox,20
18/03/2011,1:38,Muskox,30
18/03/2011,11:14,Muskox,23
18/03/2011,18:35,Ptarmigan,35
19/03/2011,15:24,Moose,41
19/03/2011,1:33,Elk,17
19/03/2011,11:13,Fox,2
20/03/2011,17:30,Ptarmigan,42
21/03/2011,23:58,Fox,40
22/03/2011,13:57,Ptarmigan,25
23/03/2011,0:39,Wolf,23
24/03/2011,22:30,Wolverine,16
25/03/2011,23:47,Ptarmigan,23
25/03/2011,11:49,Fox,15
26/03/2011,13:11,Ptarmigan,40
27/03/2011,22:28,Muskox,23
28/03/2011,12:05,Owl,28
28/03/2011,19:33,Ptarmigan,33
29/03/2011,0:29,Fox,29
29/03/2011,23:02,Ptarmigan,33
29/03/2011,6:15,Wolf,41
30/03/2011,1:33,Wolf,14
31/03/2011,9:12,Wolf,2
01/04/2011,5:28,Ptarmigan,38
01/04/2011,8:01,Ptarmigan,29
01/04/2011,11:44,Wolverine,18
02/04/2011,18:43,Ptarmigan,25
02/04/2011,9:42,Muskox,18
02/04/2011,15:01,Fox,17
03/04/2011,15:04,Moose,10
03/04/2011,3:35,Moose,16
04/04/2011,5:35,Ptarmigan,40
04/04/2011,12:47,Fox,3
04/04/2011,7:16,Muskox,32
05/04/2011,14:29,Fox,22
06/04/2011,1:39,Elk,42
07/04/2011,22:58,Muskox,23
07/04/2011,7:37,Fox,27
08/04/2011,1:22,Owl,8
08/04/2011,1:55,Elk,30
09/04/2011,23:47,Moose,21
09/04/2011,2:05,Fox,8
10/04/2011,23:03,Owl,22
11/04/2011,1:36,Elk,29
12/04/2011,14:31,Grizzly,6
13/04/2011,22:12,Grizzly,20
14/04/2011,12:23,Fox,29
15/04/2011,23:20,Grizzly,30
15/04/2011,16:08,Muskox,35
15/04/2011,23:16,Moose,7
15/04/2011,21:18,Grizzly,29
16/04/2011,16:31,Fox,8
17/04/2011,22:11,Elk,4
17/04/2011,7:40,Wolf,22
18/04/2011,7:33,Elk,17
19/04/2011,9:54,Owl,15
19/04/2011,4:46,Muskox,19
19/04/2011,1:46,Wolverine,17
19/04/2011,22:40,Wolf,36
20/04/2011,22:13,Moose,27
20/04/2011,16:52,Owl,29
20/04/2011,22:02,Fox,29
20/04/2011,12:01,Wolf,16
21/04/2011,11:25,Moose,3
21/04/2011,8:17,Grizzly,21
21/04/2011,15:47,Ptarmigan,18
22/04/2011,18:38,Wolverine,29
23/04/2011,21:05,Moose,15
24/04/2011,3:50,Ptarmigan,20
25/04/2011,22:14,Wolverine,4
26/04/2011,3:38,Grizzly,36
27/04/2011,6:41,Fox,40
27/04/2011,20:24,Wolverine,16
27/04/2011,13:22,Grizzly,32
28/04/2011,14:25,Wolf,22
29/04/2011,4:33,Wolverine,28
30/04/2011,1:03,Fox,38
30/04/2011,4:04,Moose,8
30/04/2011,23:04,Muskox,33
01/05/2011,13:31,Moose,38
02/05/2011,19:54,Grizzly,12
03/05/2011,18:04,Muskox,1
04/05/2011,1:50,Ptarmigan,42
05/05/2011,2:08,Ptarmigan,8
05/05/2011,12:28,Wolf,41
06/05/2011,18:25,Fox,13
06/05/2011,13:02,Ptarmigan,10
07/05/2011,20:57,Elk,36
08/05/2011,8:47,Muskox,23
08/05/2011,20:32,Elk,35
08/05/2011,14:18,Elk,18
09/05/2011,6:59,Fox,35
09/05/2011,14:49,Ptarmigan,38
09/05/2011,3:42,Elk,26
09/05/2011,23:58,Owl,24
09/05/2011,9:31,Muskox,5
09/05/2011,18:59,Moose,17
09/05/2011,15:30,Ptarmigan,23
10/05/2011,11:33,Ptarmigan,10
10/05/2011,0:57,Wolf,40
10/05/2011,3:06,Ptarmigan,28
10/05/2011,14:53,Fox,18
10/05/2011,22:50,Ptarmigan,1
10/05/2011,15:30,Wolverine,34
10/05/2011,3:43,Moose,41
11/05/2011,21:51,Wolverine,6
12/05/2011,3:25,Moose,28
13/05/2011,17:16,Ptarmigan,4
13/05/2011,1:35,Ptarmigan,32
14/05/2011,20:48,Elk,40
15/05/2011,1:27,Owl,14
15/05/2011,8:40,Moose,14
15/05/2011,8:20,Owl,24
15/05/2011,6:22,Owl,14
16/05/2011,21:38,Elk,29
17/05/2011,13:09,Muskox,25
17/05/2011,21:59,Wolf,27
18/05/2011,12:29,Fox,35
18/05/2011,1:53,Moose,11
19/05/2011,12:30,Grizzly,10
19/05/2011,23:46,Moose,36
20/05/2011,4:26,Grizzly,2
21/05/2011,4:13,Elk,24
21/05/2011,8:06,Owl,11
22/05/2011,13:16,Fox,16
23/05/2011,2:01,Moose,4
23/05/2011,12:57,Muskox,21
23/05/2011,13:12,Owl,10
24/05/2011,18:52,Ptarmigan,28
25/05/2011,4:37,Wolf,41
25/05/2011,12:02,Grizzly,28
25/05/2011,5:40,Moose,3
25/05/2011,20:29,Wolf,42
25/05/2011,5:17,Owl,37
25/05/2011,17:57,Owl,37
25/05/2011,5:50,Fox,28
25/05/2011,5:01,Fox,30
25/05/2011,22:22,Elk,26
26/05/2011,2:39,Elk,33
27/05/2011,3:08,Ptarmigan,18
27/05/2011,21:44,Muskox,11
28/05/2011,2:46,Grizzly,3
28/05/2011,16:11,Owl,21
29/05/2011,1:57,Ptarmigan,38
29/05/2011,1:15,Elk,40
30/05/2011,5:37,Elk,39
30/05/2011,17:07,Grizzly,11
31/05/2011,3:58,Moose,35
01/06/2011,2:24,Muskox,14
02/06/2011,8:34,Grizzly,35
03/06/2011,18:14,Ptarmigan,4
03/06/2011,15:35,Owl,36
03/06/2011,20:04,Moose,4
03/06/2011,23:46,Fox,17
03/06/2011,17:15,Grizzly,22
04/06/2011,5:09,Grizzly,2
05/06/2011,17:51,Grizzly,32
05/06/2011,10:56,Wolf,42
05/06/2011,22:22,Muskox,38
06/06/2011,21:26,Grizzly,9
07/06/2011,10:21,Elk,42
08/06/2011,23:49,Muskox,25
09/06/2011,0:59,Elk,19
10/06/2011,15:41,Muskox,29
11/06/2011,6:37,Owl,19
11/06/2011,15:47,Wolf,27
12/06/2011,4:31,Owl,7
12/06/2011,10:39,Grizzly,21
13/06/2011,20:42,Moose,16
14/06/2011,13:19,Muskox,29
15/06/2011,10:22,Ptarmigan,40
15/06/2011,1:08,Grizzly,8
16/06/2011,3:19,Elk,19
16/06/2011,16:30,Wolverine,9
17/06/2011,1:12,Muskox,17
17/06/2011,9:42,Wolverine,33
18/06/2011,23:30,Ptarmigan,3
18/06/2011,13:40,Wolf,20
18/06/2011,12:57,Grizzly,38
18/06/2011,21:15,Owl,24
19/06/2011,23:22,Muskox,41
19/06/2011,2:17,Moose,6
20/06/2011,1:55,Muskox,39
21/06/2011,10:36,Grizzly,12
21/06/2011,5:49,Ptarmigan,4
22/06/2011,2:39,Muskox,20
23/06/2011,23:07,Wolf,24
24/06/2011,17:08,Wolf,7
24/06/2011,10:47,Ptarmigan,5
25/06/2011,8:22,Moose,29
26/06/2011,15:51,Grizzly,22
27/06/2011,2:09,Ptarmigan,2
27/06/2011,17:41,Owl,17
27/06/2011,6:26,Ptarmigan,16
28/06/2011,18:00,Fox,17
29/06/2011,1:06,Elk,33
30/06/2011,3:43,Owl,31
01/07/2011,7:08,Wolverine,5
01/07/2011,4:21,Elk,32
02/07/2011,5:12,Wolverine,24
03/07/2011,5:21,Elk,8
03/07/2011,9:49,Grizzly,36
03/07/2011,14:19,Fox,9
04/07/2011,21:41,Wolverine,8
05/07/2011,18:28,Muskox,35
05/07/2011,18:05,Fox,28
05/07/2011,12:12,Grizzly,7
05/07/2011,6:16,Grizzly,3
06/07/2011,7:00,Fox,22
06/07/2011,21:58,Moose,15
07/07/2011,7:26,Owl,19
07/07/2011,13:02,Muskox,22
08/07/2011,11:02,Grizzly,4
08/07/2011,5:09,Grizzly,41
09/07/2011,14:57,Ptarmigan,21
10/07/2011,4:34,Fox,10
10/07/2011,13:39,Wolverine,13
10/07/2011,4:04,Elk,23
10/07/2011,16:59,Muskox,27
11/07/2011,1:18,Fox,4
11/07/2011,0:10,Muskox,11
11/07/2011,3:40,Elk,19
12/07/2011,8:54,Moose,39
12/07/2011,5:41,Wolf,15
12/07/2011,20:20,Owl,12
12/07/2011,23:07,Wolf,28
13/07/2011,1:51,Wolverine,4
13/07/2011,19:20,Muskox,11
13/07/2011,16:21,Wolf,28
14/07/2011,4:33,Wolf,6
15/07/2011,7:32,Owl,23
15/07/2011,3:27,Owl,36
16/07/2011,16:19,Grizzly,25
17/07/2011,23:19,Grizzly,6
18/07/2011,17:09,Elk,14
19/07/2011,7:44,Moose,13
19/07/2011,5:18,Muskox,35
20/07/2011,14:39,Owl,34
21/07/2011,17:05,Grizzly,38
21/07/2011,5:50,Moose,26
21/07/2011,19:18,Wolverine,19
21/07/2011,11:24,Wolverine,24
22/07/2011,12:23,Ptarmigan,5
22/07/2011,4:22,Moose,14
23/07/2011,18:38,Owl,23
23/07/2011,5:19,Fox,18
23/07/2011,21:15,Owl,24
24/07/2011,11:28,Ptarmigan,1
25/07/2011,3:50,Muskox,10
26/07/2011,12:33,Elk,25
27/07/2011,12:56,Ptarmigan,40
27/07/2011,12:43,Moose,21
27/07/2011,9:16,Owl,33
28/07/2011,5:22,Muskox,39
29/07/2011,14:32,Fox,28
29/07/2011,1:41,Owl,16
30/07/2011,20:37,Owl,6
30/07/2011,5:01,Grizzly,41
31/07/2011,0:44,Wolverine,7
01/08/2011,7:31,Elk,25
01/08/2011,11:52,Owl,10
02/08/2011,12:22,Muskox,5
03/08/2011,15:31,Owl,39
04/08/2011,7:31,Muskox,18
05/08/2011,8:05,Wolverine,14
05/08/2011,13:40,Wolverine,32
05/08/2011,4:12,Elk,31
05/08/2011,13:36,Wolf,12
06/08/2011,19:48,Grizzly,10
07/08/2011,18:32,Grizzly,25
07/08/2011,22:18,Wolverine,38
08/08/2011,4:02,Moose,14
09/08/2011,23:26,Muskox,36
10/08/2011,20:11,Grizzly,3
10/08/2011,5:48,Ptarmigan,15
11/08/2011,22:01,Muskox,35
12/08/2011,18:39,Elk,40
12/08/2011,1:31,Wolverine,27
12/08/2011,9:58,Elk,38
12/08/2011,21:28,Owl,42
12/08/2011,13:45,Muskox,15
12/08/2011,13:17,Elk,26
12/08/2011,1:27,Grizzly,31
13/08/2011,5:10,Wolf,35
13/08/2011,18:01,Wolf,16
13/08/2011,11:40,Wolf,17
13/08/2011,12:25,Wolverine,11
14/08/2011,1:06,Muskox,42
15/08/2011,2:22,Muskox,26
16/08/2011,14:18,Moose,22
17/08/2011,10:57,Wolf,25
17/08/2011,2:58,Elk,20
18/08/2011,12:57,Moose,31
19/08/2011,10:00,Ptarmigan,36
20/08/2011,4:46,Grizzly,27
20/08/2011,7:50,Muskox,2
20/08/2011,20:54,Fox,21
20/08/2011,8:13,Owl,8
21/08/2011,21:50,Elk,25
22/08/2011,4:29,Moose,21
22/08/2011,10:43,Elk,3
23/08/2011,19:20,Moose,27
23/08/2011,15:18,Elk,10
24/08/2011,1:35,Moose,25
24/08/2011,15:02,Ptarmigan,4
24/08/2011,9:57,Fox,15
25/08/2011,1:57,Wolverine,38
25/08/2011,23:17,Fox,37
25/08/2011,8:25,Fox,19
25/08/2011,22:21,Wolf,27
25/08/2011,23:28,Grizzly,35
26/08/2011,14:10,Moose,31
26/08/2011,9:25,Wolf,25
26/08/2011,12:11,Wolf,39
26/08/2011,2:18,Wolverine,15
26/08/2011,9:22,Grizzly,11
27/08/2011,11:25,Owl,10
27/08/2011,19:12,Owl,39
28/08/2011,17:02,Muskox,27
29/08/2011,20:43,Muskox,3
29/08/2011,11:02,Ptarmigan,12
30/08/2011,18:38,Grizzly,17
30/08/2011,14:10,Wolverine,23
31/08/2011,21:04,Wolf,27
01/09/2011,1:21,Owl,14
01/09/2011,7:37,Ptarmigan,39
02/09/2011,20:05,Grizzly,10
03/09/2011,2:39,Owl,41
03/09/2011,8:40,Muskox,36
04/09/2011,20:14,Wolverine,16
05/09/2011,6:09,Ptarmigan,6
05/09/2011,4:34,Ptarmigan,15
06/09/2011,12:09,Wolverine,32
07/09/2011,6:36,Elk,16
07/09/2011,13:01,Moose,37
08/09/2011,15:16,Moose,19
09/09/2011,22:44,Grizzly,1
09/09/2011,17:10,Owl,13
10/09/2011,0:00,Owl,18
11/09/2011,10:02,Moose,3
11/09/2011,22:03,Moose,27
11/09/2011,13:18,Owl,21
11/09/2011,3:06,Owl,40
11/09/2011,14:11,Wolverine,29
12/09/2011,21:34,Elk,11
12/09/2011,2:53,Elk,37
13/09/2011,3:08,Ptarmigan,25
13/09/2011,13:22,Wolverine,32
13/09/2011,11:40,Muskox,31
14/09/2011,5:00,Wolf,5
14/09/2011,22:27,Fox,23
15/09/2011,23:22,Grizzly,9
16/09/2011,1:21,Owl,41
16/09/2011,14:08,Ptarmigan,25
16/09/2011,18:09,Fox,19
16/09/2011,3:13,Grizzly,1
17/09/2011,11:36,Wolf,14
17/09/2011,16:35,Fox,33
18/09/2011,2:08,Ptarmigan,34
19/09/2011,13:35,Wolverine,15
20/09/2011,9:12,Fox,40
20/09/2011,9:30,Fox,6
20/09/2011,10:31,Moose,21
20/09/2011,20:20,Owl,2
21/09/2011,21:39,Fox,9
22/09/2011,2:21,Grizzly,28
23/09/2011,21:02,Grizzly,25
23/09/2011,0:06,Owl,29
23/09/2011,23:45,Moose,25
23/09/2011,20:50,Wolverine,12
24/09/2011,0:21,Wolf,6
24/09/2011,14:21,Wolf,36
25/09/2011,7:44,Ptarmigan,7
26/09/2011,3:05,Ptarmigan,39
26/09/2011,6:55,Moose,38
26/09/2011,2:07,Grizzly,8
26/09/2011,14:19,Grizzly,34
27/09/2011,20:00,Ptarmigan,37
27/09/2011,19:47,Owl,5
28/09/2011,3:00,Owl,5
29/09/2011,14:34,Muskox,38
30/09/2011,2:00,Muskox,28
30/09/2011,11:56,Elk,12
30/09/2011,23:02,Grizzly,33
30/09/2011,1:22,Wolverine,37
01/10/2011,4:29,Owl,20
01/10/2011,1:52,Grizzly,31
01/10/2011,12:04,Fox,14
01/10/2011,9:09,Fox,14
02/10/2011,2:39,Wolf,38
02/10/2011,23:48,Wolf,12
03/10/2011,20:27,Ptarmigan,1
04/10/2011,8:53,Fox,4
04/10/2011,16:27,Owl,28
05/10/2011,20:17,Fox,34
06/10/2011,4:09,Muskox,31
06/10/2011,5:41,Moose,20
06/10/2011,7:01,Wolf,38
07/10/2011,3:12,Grizzly,34
08/10/2011,8:20,Wolf,10
08/10/2011,1:46,Wolf,2
09/10/2011,22:25,Fox,19
09/10/2011,10:16,Wolf,10
10/10/2011,13:30,Wolverine,23
10/10/2011,0:45,Grizzly,4
10/10/2011,16:51,Grizzly,40
10/10/2011,18:23,Fox,5
10/10/2011,2:42,Fox,8
10/10/2011,10:04,Ptarmigan,1
11/10/2011,3:54,Elk,27
12/10/2011,16:38,Grizzly,17
12/10/2011,14:57,Owl,38
13/10/2011,16:07,Moose,23
14/10/2011,12:26,Grizzly,15
14/10/2011,10:48,Elk,5
15/10/2011,7:19,Ptarmigan,37
15/10/2011,20:26,Grizzly,28
16/10/2011,0:19,Moose,30
17/10/2011,13:41,Fox,15
17/10/2011,14:05,Muskox,23
18/10/2011,20:26,Moose,42
18/10/2011,1:18,Ptarmigan,22
18/10/2011,18:53,Fox,20
18/10/2011,5:50,Wolverine,3
18/10/2011,21:40,Muskox,3
18/10/2011,2:54,Owl,26
18/10/2011,1:28,Grizzly,8
18/10/2011,20:28,Wolf,38
18/10/2011,15:55,Muskox,33
18/10/2011,9:12,Wolverine,30
19/10/2011,3:30,Moose,8
19/10/2011,12:34,Fox,9
20/10/2011,22:44,Wolverine,28
20/10/2011,3:52,Fox,31
21/10/2011,5:45,Owl,16
22/10/2011,15:47,Owl,13
22/10/2011,18:57,Muskox,41
23/10/2011,18:39,Fox,39
24/10/2011,11:24,Moose,11
25/10/2011,23:32,Ptarmigan,22
26/10/2011,16:05,Wolverine,39
26/10/2011,7:06,Owl,25
27/10/2011,18:32,Wolverine,41
28/10/2011,22:44,Grizzly,20
29/10/2011,8:18,Wolverine,31
30/10/2011,5:51,Moose,39
31/10/2011,13:59,Grizzly,21
01/11/2011,23:58,Ptarmigan,17
02/11/2011,19:54,Owl,33
02/11/2011,16:55,Wolf,23
02/11/2011,1:48,Muskox,31
03/11/2011,22:26,Elk,35
04/11/2011,2:25,Ptarmigan,27
04/11/2011,16:36,Muskox,8
04/11/2011,21:49,Wolf,23
04/11/2011,22:19,Elk,9
04/11/2011,13:23,Fox,8
04/11/2011,13:36,Grizzly,3
05/11/2011,7:50,Ptarmigan,1
05/11/2011,18:50,Owl,10
05/11/2011,5:14,Fox,21
05/11/2011,0:59,Grizzly,13
05/11/2011,4:13,Ptarmigan,14
06/11/2011,19:27,Muskox,34
06/11/2011,17:44,Grizzly,7
07/11/2011,4:53,Wolf,5
07/11/2011,1:18,Ptarmigan,3
08/11/2011,15:44,Wolverine,38
08/11/2011,1:14,Moose,15
08/11/2011,14:10,Elk,23
08/11/2011,11:35,Grizzly,15
09/11/2011,0:22,Wolf,16
09/11/2011,1:08,Owl,21
10/11/2011,13:21,Grizzly,33
10/11/2011,9:00,Ptarmigan,29
10/11/2011,20:58,Ptarmigan,30
10/11/2011,22:21,Owl,12
10/11/2011,9:55,Moose,13
10/11/2011,14:40,Elk,5
10/11/2011,17:41,Fox,9
10/11/2011,12:41,Moose,3
11/11/2011,15:02,Fox,35
12/11/2011,1:20,Fox,30
13/11/2011,4:56,Moose,36
13/11/2011,3:50,Muskox,10
13/11/2011,4:56,Owl,33
13/11/2011,9:30,Elk,13
14/11/2011,19:39,Moose,19
15/11/2011,14:02,Muskox,33
16/11/2011,0:20,Fox,18
17/11/2011,5:58,Fox,38
17/11/2011,10:54,Owl,3
17/11/2011,23:21,Fox,35
17/11/2011,21:52,Owl,10
17/11/2011,17:55,Ptarmigan,29
17/11/2011,4:51,Owl,12
17/11/2011,16:54,Grizzly,12
18/11/2011,1:02,Moose,24
19/11/2011,8:24,Grizzly,16
20/11/2011,20:47,Moose,36
21/11/2011,18:18,Muskox,10
22/11/2011,11:30,Elk,42
23/11/2011,18:54,Wolf,34
24/11/2011,5:35,Muskox,12
25/11/2011,0:45,Ptarmigan,34
25/11/2011,22:29,Wolf,16
25/11/2011,21:56,Owl,27
26/11/2011,10:11,Owl,19
26/11/2011,16:42,Wolverine,23
26/11/2011,4:31,Wolverine,14
27/11/2011,10:45,Ptarmigan,38
27/11/2011,1:21,Elk,3
27/11/2011,9:29,Elk,28
28/11/2011,8:59,Wolverine,13
29/11/2011,17:00,Owl,11
29/11/2011,23:53,Wolf,8
29/11/2011,8:18,Moose,9
29/11/2011,21:20,Grizzly,30
29/11/2011,11:37,Moose,10
30/11/2011,19:15,Owl,41
01/12/2011,22:00,Wolf,8
01/12/2011,18:52,Elk,6
02/12/2011,18:15,Ptarmigan,6
02/12/2011,6:42,Wolverine,30
02/12/2011,10:59,Muskox,26
02/12/2011,22:00,Muskox,17
03/12/2011,8:45,Owl,6
04/12/2011,9:23,Wolverine,5
04/12/2011,19:33,Ptarmigan,37
04/12/2011,18:57,Grizzly,23
05/12/2011,22:10,Ptarmigan,35
06/12/2011,3:49,Muskox,37
06/12/2011,5:56,Moose,1
06/12/2011,19:55,Owl,38
06/12/2011,11:24,Elk,8
07/12/2011,7:23,Elk,7
07/12/2011,11:30,Ptarmigan,5
08/12/2011,23:27,Fox,39
09/12/2011,19:44,Elk,9
09/12/2011,22:52,Wolverine,8
09/12/2011,15:32,Moose,3
10/12/2011,13:17,Muskox,6
10/12/2011,13:13,Wolverine,1
11/12/2011,23:39,Muskox,16
06/06/2013,15:34,Human,1
